{
    "regresion_lineal": {
        "mse_train": -1806.8535001221946,
        "mse_test": -1796.0199771571931,
        "r2_train": 0.5401977951632737,
        "r2_test": 0.5335476681664599
    },
    "rigde": {
        "mse_train": -1806.8535001221946,
        "mse_test": -1796.0199771571931,
        "r2_train": 0.5401977951632737,
        "r2_test": 0.5335476681664599,
        "alpha": 428.13323987193957
    },
    "rigde_r2": {
        "r2_train": 0.5401977951632737,
        "r2_test": 0.5335476681664599,
        "mse_train": 1806.8535001221946,
        "mse_test": 1796.0199771571931,
        "alpha": 428.13323987193957
    },
    "lasso": {
        "mse_train": -1806.6667376280225,
        "mse_test": -1784.4657473038526,
        "r2_train": 0.5401977951632737,
        "r2_test": 0.5335476681664599,
        "alpha": 0.07742636826811278
    },
    "regresion_lineal_red": {
        "mse_train": -1803.9473412311772,
        "mse_test": -1789.7564801993835,
        "r2_train": 0.5409373450302692,
        "r2_test": 0.5351743888035138
    },
    "tree": {
        "mse_train": -1543.8321943103267,
        "mse_test": -1866.61810482289,
        "r2_train": 0.6071306020140521,
        "r2_test": 0.5152123146116125,
        "max_depth": 7.0
    }
}